City,Lat,Lng,Max Temp,Humidity,Cloudiness,Wind Speed,Country,Date
Souillac,-20.5167,57.5167,26,78,75,1.03,MU,1614920083
Norman Wells,65.282,-126.8329,-15,66,75,5.14,CA,1614920085
Yamada,39.4667,141.95,12.49,61,88,4.68,JP,1614920106
Jamestown,42.097,-79.2353,-7.78,90,90,5.62,US,1614920030
Rikitea,-23.1203,-134.9692,27.59,80,78,1.98,PF,1614920088
Kapaa,22.0752,-159.319,21,83,75,8.23,US,1614920090
Thompson,55.7435,-97.8558,-8,79,20,4.12,CA,1614920091
Faanui,-16.4833,-151.75,28.82,72,100,3.26,PF,1614920093
Puerto Ayora,-0.7393,-90.3518,23.33,98,93,0.45,EC,1614920094
Shanghai,31.2222,121.4581,18.89,71,40,4,CN,1614919891
Grand Gaube,-20.0064,57.6608,28.89,68,50,1.34,MU,1614920166
Barrow,71.2906,-156.7887,-28,63,90,10.8,US,1614920179
Yellowknife,62.456,-114.3525,-17.78,78,90,8.23,CA,1614920181
Qaanaaq,77.484,-69.3632,-30.88,62,0,1.97,GL,1614920182
Butaritari,3.0707,172.7902,27.49,78,100,8.06,KI,1614920183
Atar,20.5169,-13.0499,19.16,21,75,4.49,MR,1614920185
Laguna,38.421,-121.4238,12,62,1,3.6,US,1614920186
Burnie,-41.0667,145.9167,21.11,46,0,10.28,AU,1614920187
Esperance,-33.8667,121.9,28,51,75,1.54,AU,1614920188
Gari,59.4307,62.3497,-9.34,96,100,1.13,RU,1614920189
Juneau,58.3019,-134.4197,2,80,75,3.31,US,1614920191
Ushuaia,-54.8,-68.3,13,38,75,6.69,AR,1614919938
San Patricio,28.017,-97.5169,18,82,90,6.17,US,1614920192
Oyama,36.3,139.8,17,39,75,2.57,JP,1614920194
Busselton,-33.65,115.3333,23.33,86,53,5.31,AU,1614920195
Kishanganj,26.1167,87.9333,28.1,20,1,0.51,IN,1614920196
Horsham,51.064,-0.3272,3.33,81,75,5.14,GB,1614920196
Uruçuí,-7.2294,-44.5561,23.34,86,89,1.01,BR,1614920198
Rawson,-43.3002,-65.1023,14.79,81,6,5.24,AR,1614920199
Jalu,29.0331,21.5482,10.66,49,97,4.21,LY,1614920199
Ust-Nera,64.5667,143.2,-30.87,74,100,3.02,RU,1614920200
Kloulklubed,7.0419,134.2556,29,70,75,8.75,PW,1614920200
Pāsighāt,28.0667,95.3333,22.14,49,94,0.49,IN,1614920201
Cape Town,-33.9258,18.4232,20,72,0,3.6,ZA,1614920185
Port Alfred,-33.5906,26.891,19.44,92,8,1.34,ZA,1614920202
Bluff,-46.6,168.3333,15,77,100,1.79,NZ,1614920204
Vyaz'ma,55.2104,34.2951,-8.21,97,51,3.32,RU,1614920205
New Norfolk,-42.7826,147.0587,14.44,44,75,8.75,AU,1614920206
Dikson,73.5069,80.5464,-32.07,81,64,6.65,RU,1614920207
Nantucket,41.2835,-70.0995,-1.11,89,0,11.4,US,1614920209
Riyadh,24.6877,46.7219,22,23,0,5.14,SA,1614920027
Cidreira,-30.1811,-50.2056,22.32,90,100,3.48,BR,1614920210
Allahabad,25.45,81.85,31.42,12,29,2.27,IN,1614919988
Alofi,-19.0595,-169.9187,28,78,93,2.06,NU,1614920212
Avarua,-21.2078,-159.775,28,78,40,2.06,CK,1614920212
Port Elizabeth,-33.918,25.5701,18,88,0,5.14,ZA,1614920214
Nikolskoye,59.7035,30.7861,-7,86,20,4,RU,1614920214
Punta Arenas,-53.15,-70.9167,14,44,90,7.72,CL,1614920004
Saint Paul Harbor,57.79,-152.4072,1,64,1,3.09,US,1614920216
Khovd,48.0056,91.6419,-3.48,64,50,1.46,MN,1614920217
Northam,51.0333,-4.2167,3.89,81,64,0.89,GB,1614920218
Guerrero Negro,27.9769,-114.0611,14.86,76,97,5.05,MX,1614919930
Grand-Lahou,5.1367,-5.0242,26.46,88,50,5.33,CI,1614920219
Longonjo,-12.9067,15.2533,15.55,88,77,0.46,AO,1614920221
Chinchani,19.8667,72.7,31.26,25,0,3.7,IN,1614920223
Tegul'det,57.3064,88.1667,-2.56,92,100,5.35,RU,1614920225
Tuatapere,-46.1333,167.6833,15,77,100,1.79,NZ,1614920226
Mar del Plata,-38.0023,-57.5575,18,94,75,4.12,AR,1614920228
Quatre Cocos,-20.2078,57.7625,28.89,78,75,1.03,MU,1614920228
Padang,-0.9492,100.3543,30,70,20,1.03,ID,1614920052
‘Ewa Beach,21.3156,-158.0072,24,57,1,4.12,US,1614920230
Baicheng,45.6167,122.8167,-8.06,63,39,6.57,CN,1614920231
Nanortalik,60.1432,-45.2371,-0.17,98,100,2.09,GL,1614920233
Eyl,7.9803,49.8164,25.33,67,86,7.22,SO,1614920234
Hilo,19.7297,-155.09,23,60,1,3.09,US,1614920235
Sabang,5.8933,95.3214,28.55,73,0,3.39,ID,1614920236
Abu Samrah,35.3029,37.1841,9.37,85,0,7.81,SY,1614920238
Omsukchan,62.5333,155.8,-28.32,81,100,10.45,RU,1614920239
Carnarvon,-24.8667,113.6333,28,69,25,5.66,AU,1614920239
Vaini,-21.2,-175.2,29,74,75,2.57,TO,1614920241
Cayenne,4.9333,-52.3333,26.11,94,75,2.06,GF,1614920242
Mataura,-46.1927,168.8643,15,77,100,1.79,NZ,1614920243
George Town,5.4112,100.3354,32,58,40,2.57,MY,1614920244
Sabha,27.0377,14.4283,12.39,39,0,9.92,LY,1614920244
Dubbo,-32.25,148.6167,29,23,0,6.69,AU,1614920245
Bilibino,68.0546,166.4372,-28.79,84,100,3.07,RU,1614920246
Kumluca,36.3703,30.2869,13.1,39,0,1.45,TR,1614920247
Lebu,-37.6167,-73.65,14.54,83,0,6.93,CL,1614920248
Cabo San Lucas,22.8909,-109.9124,19.44,62,97,0.89,MX,1614920140
Narsaq,60.9167,-46.05,10,32,75,5.14,GL,1614920249
Saint George,37.1041,-113.5841,11,40,1,1.54,US,1614920096
Mount Isa,-20.7333,139.5,35,9,36,3.6,AU,1614920251
Atuona,-9.8,-139.0333,26.5,75,10,6.47,PF,1614920251
Sinnamary,5.3833,-52.95,25.23,85,100,4.65,GF,1614920252
Lancaster,40.2504,-76.2499,-1,43,1,6.17,US,1614919978
Leshukonskoye,64.8989,45.7622,-17.98,92,98,2.91,RU,1614920254
Poronaysk,49.2167,143.1167,-1.76,99,64,7.02,RU,1614920255
Saskylakh,71.9167,114.0833,-33.38,82,24,3.67,RU,1614920255
Ust-Kuyga,70.0167,135.6,-27.26,83,100,1.93,RU,1614920257
Mumbwa,-14.9783,27.0619,16.94,93,90,1.09,ZM,1614920257
Saint-Philippe,-21.3585,55.7679,29,61,0,1.03,RE,1614920259
Geraldton,-28.7667,114.6,29,54,75,6.17,AU,1614920261
Anadyr,64.75,177.4833,-20,77,75,7,RU,1614920261
Bredasdorp,-34.5322,20.0403,11,93,1,1.54,ZA,1614920263
De-Kastri,51.4667,140.7833,-16.64,90,100,5.62,RU,1614920264
São Lourenço do Sul,-31.3653,-51.9783,21.11,99,100,3.32,BR,1614920266
Camacha,33.0833,-16.3333,16,82,40,9.77,PT,1614920267
Bundaberg,-24.85,152.35,28,47,75,6.69,AU,1614920003
Hobart,-42.8794,147.3294,14.44,44,75,8.75,AU,1614920012
Tasiilaq,65.6145,-37.6368,1,93,90,0.46,GL,1614920269
Bethel,41.3712,-73.414,-4.44,54,5,2.24,US,1614920271
Waipawa,-41.4122,175.5153,20,56,20,8.75,NZ,1614920272
Cianorte,-23.6633,-52.605,20.03,100,100,2.37,BR,1614920272
Winslow,35.0242,-110.6974,3,44,1,2.06,US,1614920273
Porto Tolle,44.9497,12.3245,8.33,85,94,2.87,IT,1614920273
Colorado,-22.8375,-51.9731,20.78,98,100,2.95,BR,1614920275
Hurricane,37.1753,-113.2899,11,40,1,1.54,US,1614920277
Albany,42.6001,-73.9662,-5,36,90,9.26,US,1614920279
Ouésso,1.6136,16.0517,21.23,74,6,0.86,CG,1614920280
Omaruru,-21.4333,15.9333,19.09,49,5,2.68,NA,1614920281
Scarborough,54.2797,-0.4044,2.78,75,96,0.89,GB,1614920282
São João da Barra,-21.6403,-41.0511,24.08,87,86,4.89,BR,1614920283
Lompoc,34.6391,-120.4579,10,81,1,1.87,US,1614920283
High Level,58.5169,-117.136,-5,74,75,3.6,CA,1614920285
Hay River,60.8156,-115.7999,-13,78,100,3.09,CA,1614920285
Morón,-34.6534,-58.6198,23.89,94,6,0.45,AR,1614920065
Harper,4.375,-7.7169,26.19,87,91,4.04,LR,1614920288
Yangi Marg`ilon,40.4272,71.7189,10,43,40,5.14,UZ,1614920289
Castro,-24.7911,-50.0119,18.16,94,100,3.57,BR,1614920291
Mutare,-18.9707,32.6709,17.73,95,30,1.16,ZW,1614920292
Tuktoyaktuk,69.4541,-133.0374,-26,76,1,6.69,CA,1614920294
Tautira,-17.7333,-149.15,29,74,75,1.54,PF,1614920295
Sitka,57.0531,-135.33,5,70,90,3.43,US,1614920296
Kawalu,-7.3817,108.2082,32.47,47,91,1.59,ID,1614920298
Homer,59.6425,-151.5483,2.22,64,90,2.57,US,1614920298
Arraial do Cabo,-22.9661,-42.0278,24.72,87,100,7.54,BR,1614920300
Charter Township of Clinton,42.587,-82.9199,-4.44,73,1,4.36,US,1614920105
Chokurdakh,70.6333,147.9167,-22.15,91,100,9.23,RU,1614920301
Inírida,3.8653,-67.9239,23.01,94,89,0.88,CO,1614920302
Beverly Hills,34.0736,-118.4004,14.44,82,1,1.35,US,1614920070
Morondava,-20.2833,44.2833,24.19,91,100,5.99,MG,1614920129
Bengkulu,-3.8004,102.2655,30.16,66,22,3.85,ID,1614920304
Yunhe,34.0833,119.7167,16.94,47,88,3.89,CN,1614920304
Cherskiy,68.75,161.3,-24.18,89,100,1.77,RU,1614920306
Uitenhage,-33.7576,25.3971,18,88,0,5.14,ZA,1614920306
Vidim,56.4088,103.1106,-11.06,92,68,4.13,RU,1614920308
Korla,41.7597,86.1469,8.61,50,44,2.51,CN,1614920310
Santa Cruz de la Sierra,-17.8,-63.1667,23,94,90,1.54,BO,1614920086
Pevek,69.7008,170.3133,-18.77,89,100,5.19,RU,1614920311
Iqaluit,63.7506,-68.5145,-9,57,90,6.17,CA,1614920314
Yerbogachën,61.2767,108.0108,-20.65,89,96,4.5,RU,1614920315
Lima,-12.0432,-77.0282,23,83,0,2.06,PE,1614920272
Yur’yevets,57.3201,43.1041,-13.83,96,44,2.68,RU,1614920317
Aklavik,68.2191,-135.0107,-26,76,58,2.57,CA,1614920318
Mossamedes,-15.1961,12.1522,22.88,86,29,1.09,AO,1614920320
Peleduy,59.6289,112.7406,-18.37,81,57,3.58,RU,1614920321
Zeerust,-25.5369,26.0751,15,82,0,1.54,ZA,1614920322
Kortkeros,61.8106,51.5806,-16,85,40,3,RU,1614920324
Laas,46.6166,10.7002,2.22,100,0,2.06,IT,1614920324
Saint-François,46.4154,3.9054,6.11,93,90,2.57,FR,1614920326
Port Hedland,-20.3167,118.5667,35,43,20,4.63,AU,1614920326
Sipe Sipe,-17.45,-66.3833,18,59,75,3.6,BO,1614920328
Zhangye,38.9342,100.4517,6.63,51,56,2.82,CN,1614920329
Chui,-33.6971,-53.4616,20.88,93,68,2.55,UY,1614920331
Bad Oldesloe,53.8117,10.3742,-2.22,91,0,2.8,DE,1614920333
Anloga,5.7947,0.8973,27.3,85,3,6.57,GH,1614920334
Barcelos,41.5388,-8.6151,10.56,100,20,2.06,PT,1614920072
Stann Creek Town,16.9692,-88.2321,25.56,80,0,0.45,BZ,1614920335
Sur,22.5667,59.5289,30.46,32,0,0.46,OM,1614920336
Nehe,48.4833,124.8333,-15.5,80,0,6.51,CN,1614920338
Port-Gentil,-0.7193,8.7815,27.75,78,100,3.89,GA,1614920339
Gafanha da Encarnação,40.6181,-8.733,11.67,87,100,0.45,PT,1614920339
Ribeira Grande,38.5167,-28.7,14.42,69,85,3.36,PT,1614920341
Saldanha,-33.0117,17.9442,14,82,0,1.54,ZA,1614920342
Mirny,62.5353,113.9611,-23.23,87,66,3.72,RU,1614920343
Kavieng,-2.5744,150.7967,29.46,71,95,4.78,PG,1614920345
Raigarh,21.9,83.4,28,51,4,2.06,IN,1614920346
Hong Kong,22.2855,114.1577,21.67,89,91,2.24,HK,1614920225
Mahébourg,-20.4081,57.7,26,78,75,1.03,MU,1614920111
Hithadhoo,-0.6,73.0833,29.08,61,11,4.06,MV,1614920348
Dedza,-14.3779,34.3332,16.34,100,50,0.44,MW,1614920350
Yaan,7.3833,8.5667,22.71,90,29,2.53,NG,1614920352
Rocha,-34.4833,-54.3333,19.3,94,71,1.41,UY,1614920353
Bandarbeyla,9.4942,50.8122,25.14,72,78,6.19,SO,1614920355
Jaciara,-15.9653,-54.9683,20.32,92,83,1.37,BR,1614920356
Prome,18.8167,95.2167,37.36,10,29,1.2,MM,1614920357
Los Llanos de Aridane,28.6585,-17.9182,17,77,0,1.03,ES,1614920359
Lexington,37.9887,-84.4777,0,69,1,7.2,US,1614920362
San Vicente,-26.6167,-54.1333,18.14,100,23,0.74,AR,1614920303
General Roca,-39.0333,-67.5833,19,68,0,2.57,AR,1614920363
Rome,43.2128,-75.4557,-6,42,90,7.72,US,1614920364
Niceville,30.5169,-86.4822,14.44,82,1,3.6,US,1614920364
Salalah,17.0151,54.0924,23,49,0,1.54,OM,1614920365
Altay,47.8667,88.1167,-1.49,85,99,1.6,CN,1614920366
Progreso,21.2833,-89.6667,23,78,1,2.06,MX,1614920295
Upata,8.0086,-62.3989,23.89,93,90,0.45,VE,1614920368
Berezovyy,51.6667,135.7,-16.32,85,100,4.22,RU,1614920369
Kalianget,-7.05,113.9333,25.64,80,100,1.75,ID,1614920371
Tiznit Province,29.5833,-9.5,10.63,86,55,1.39,MA,1614920372
Caniço,32.6333,-16.85,16,77,20,1.03,PT,1614920373
Lüderitz,-26.6481,15.1594,19.04,59,0,5.07,NA,1614920374
Kiryat Gat,31.61,34.7642,10,93,40,1.54,IL,1614920374
Kruisfontein,-34.0033,24.7314,16.41,91,6,3.2,ZA,1614920375
Chernyshevskiy,63.0128,112.4714,-23.29,89,79,3.13,RU,1614920375
Kaitangata,-46.2817,169.8464,11.75,94,100,1.55,NZ,1614920376
Coquimbo,-29.9533,-71.3436,17,88,90,1.54,CL,1614920376
Redmond,47.674,-122.1215,8.33,94,100,1.38,US,1614920377
Yining,29.0361,114.5636,13.73,89,100,0.83,CN,1614920378
La Malbaie,47.6575,-70.1559,-11,52,100,5.14,CA,1614920380
Mezen',65.8522,44.24,-19.87,91,92,2.89,RU,1614920381
Nishihara,26.1842,127.7558,23,52,40,5.66,JP,1614920383
Shimoda,34.6667,138.95,12,87,75,4.63,JP,1614920384
Anori,-3.7728,-61.6442,23.22,98,96,0.89,BR,1614920386
Mount Gambier,-37.8333,140.7667,19,48,40,7.72,AU,1614920386
Annau,37.8876,58.516,9,66,40,4.12,TM,1614920388
Yanam,16.7333,82.2167,29,58,0,1.54,IN,1614920390
Maningrida,-12.0667,134.2667,33.31,56,3,3.01,AU,1614920391
Matara,5.9485,80.5353,30.48,54,2,1.36,LK,1614920392
Taltal,-25.4,-70.4833,18.59,80,48,1.11,CL,1614920394
Hermanus,-34.4187,19.2345,16.6,77,9,4.1,ZA,1614920395
Fortuna,40.5982,-124.1573,12.22,49,68,0.89,US,1614920396
Río Esteban,15.8333,-86.3,25,88,1,1.79,HN,1614920396
Gisborne,-38.6533,178.0042,24,41,0,4.49,NZ,1614920397
Grindavik,63.8424,-22.4338,4,93,75,3.6,IS,1614920399
Hervey Bay,-25.2986,152.8535,28,47,75,6.69,AU,1614920399
Cheremisinovo,51.8855,37.2646,0,74,75,5,RU,1614920401
Broome,42.2506,-75.833,-7.22,62,90,8.23,US,1614920405
Florianópolis,-27.6146,-48.5012,25.56,88,40,1.54,BR,1614920406
Santa Isabel,-23.3156,-46.2214,21.11,83,0,4.12,BR,1614920111
Lakhipur,26.0299,90.3041,26.87,24,1,2.27,IN,1614920409
Zverinogolovskoye,54.4586,64.8542,-0.63,95,100,10.17,RU,1614920413
Seoul,37.5683,126.9778,14,47,0,3.6,KR,1614919803
Te Anau,-45.4167,167.7167,10.5,85,99,1.93,NZ,1614920413
Beyneu,45.3167,55.2,1.64,82,0,5.53,KZ,1614920414
Clyde River,70.4692,-68.5914,-30,69,1,6.69,CA,1614920415
Baft,29.234,56.6057,13.27,43,20,2.53,IR,1614920417
Matelândia,-25.2408,-53.9964,23,100,75,0.51,BR,1614920418
Almaznyy,48.0448,40.045,3,81,40,7,RU,1614920419
Husavik,66.0449,-17.3389,5,60,0,7.72,IS,1614920422
Maţāy,28.419,30.7792,9.92,80,0,2.47,EG,1614920422
Novovarshavka,54.1721,74.6946,-7.15,94,86,7.74,RU,1614920424
Okha,53.5739,142.9478,-21.41,81,100,7.1,RU,1614920426
San Lazaro,18.0387,-88.6622,21.67,92,0,0.45,BZ,1614920427
São Filipe,14.8961,-24.4956,20.83,79,98,3.68,CV,1614920428
Vardø,70.3705,31.1107,-9,79,20,8.23,NO,1614920430
Lavrentiya,65.5833,-171,-17.87,87,57,3.48,RU,1614920431
Gondanglegi,-7.7479,112.0132,30.9,60,81,0.58,ID,1614920433
La Romana,18.4273,-68.9728,21.58,82,0,1.15,DO,1614920419
Callaway,30.153,-85.5699,14,82,1,2.57,US,1614920434
Kharp,66.8014,65.8081,-13.8,93,100,1.29,RU,1614920434
Meulaboh,4.1363,96.1285,29.79,67,5,0.91,ID,1614920435
Río Gallegos,-51.6226,-69.2181,14,72,0,1.54,AR,1614920313
Tateyama,34.9833,139.8667,16.11,55,75,2.57,JP,1614920437
Manali,13.1667,80.2667,29,58,40,1.03,IN,1614920163
Saint-Augustin,51.226,-58.6502,-4.49,98,100,4.98,CA,1614920439
Vanavara,60.34,102.2797,-13.51,94,100,3.99,RU,1614920440
Buala,-8.145,159.5921,28.6,73,46,3.71,SB,1614920442
Hīt,33.6416,42.8251,14.05,60,55,11.8,IQ,1614920444
Tondano,1.3038,124.9112,27,83,40,3.6,ID,1614920445
Vao,-22.6667,167.4833,25.51,69,49,2.15,NC,1614920447
Chennai,13.0878,80.2785,29,58,40,1.03,IN,1614920205
Zhigansk,66.7697,123.3711,-32.5,80,26,0.84,RU,1614920448
Buchanan,5.8808,-10.0467,25,94,75,3.49,LR,1614920449
Aragarças,-15.8975,-52.2508,21.19,92,60,0.39,BR,1614920451
Kahului,20.8947,-156.47,23,60,40,5.14,US,1614920452
Hasaki,35.7333,140.8333,17,59,75,4.63,JP,1614920454
Tooele,40.5308,-112.2983,7.22,70,1,4.63,US,1614920454
Esna,25.2934,32.554,10,62,0,2.06,EG,1614920456
Sovetskiy,61.3614,63.5842,-11.71,95,18,0.53,RU,1614920456
Mange,8.9167,-12.85,26,78,75,3.6,SL,1614920458
Haines Junction,60.7522,-137.5108,-14,92,75,0.69,CA,1614920459
Katsuura,35.1333,140.3,16,55,75,2.57,JP,1614920461
Bemidji,47.4736,-94.8803,2,64,90,1.84,US,1614920463
Frontignan,43.4485,3.754,6,100,38,2.06,FR,1614920464
Rantepao,-2.9701,119.8978,25.04,80,81,0.18,ID,1614920465
Pierre,44.3683,-100.351,5.56,65,1,2.57,US,1614920460
Datong,40.0936,113.2914,6.97,53,19,4.62,CN,1614920466
Bezhetsk,57.7851,36.6965,-8.08,97,97,3.89,RU,1614920467
Constitución,-35.3333,-72.4167,16.26,74,0,3.73,CL,1614920467
Rovinj,45.08,13.64,10,93,95,1.03,HR,1614920469
Acapulco de Juárez,16.8634,-99.8901,23.4,76,4,2.08,MX,1614920469
Yurty,56.0498,97.6348,-5.46,94,97,2.62,RU,1614920471
Picota,-6.9197,-76.3304,21.75,88,73,0.44,PE,1614920473
Klaksvík,62.2266,-6.589,3,75,75,5.14,FO,1614920473
Tiksi,71.6872,128.8694,-29.12,86,93,2.05,RU,1614920474
Kaduna,10.5222,7.4383,21.43,20,16,4.86,NG,1614920474
Ixtacomitán,17.4167,-93.1,21.78,91,93,1.32,MX,1614920475
Bezhanitsy,56.9767,29.8907,-3.86,98,76,0.27,RU,1614920476
Santa Maria,-29.6842,-53.8069,19.6,96,100,1.36,BR,1614920477
Taoudenni,22.6783,-3.9836,17.88,27,0,4.49,ML,1614920479
San Juan,-31.5375,-68.5364,27.25,35,1,2.24,AR,1614920404
East London,-33.0153,27.9116,19,82,0,5.66,ZA,1614920481
Tessalit,20.1986,1.0114,19.34,22,96,6.3,ML,1614920482
Ponta do Sol,32.6667,-17.1,14.44,60,55,1.79,PT,1614920483
Coyhaique,-45.5752,-72.0662,11.49,83,14,1.51,CL,1614920485
Yalutorovsk,56.6536,66.3006,-3.42,97,100,8.36,RU,1614920487
Newcastle,-32.9272,151.7765,24,57,90,9.26,AU,1614920487
Vila Velha,-20.3297,-40.2925,25,83,0,4.12,BR,1614920219
Victor Harbor,-35.5667,138.6167,25,60,20,9.77,AU,1614920489
Wanning,18.8003,110.3967,26.62,72,8,4.1,CN,1614920491
Vestmannaeyjar,63.4427,-20.2734,6.04,79,100,5.56,IS,1614920491
San Jerónimo,-11.9472,-75.2829,8.64,72,99,0.88,PE,1614920493
Kutum,14.2,24.6667,10.39,42,17,2.83,SD,1614920494
Poum,-20.2333,164.0167,24.28,90,98,4.06,NC,1614920496
Huánuco,-9.9329,-76.2415,16.01,66,99,0.6,PE,1614920410
Bajil,15.0584,43.2851,25.16,79,12,2.45,YE,1614920435
Lorengau,-2.0226,147.2712,28.66,77,51,5.07,PG,1614920499
Ilulissat,69.2167,-51.1,-7,73,79,4.63,GL,1614920500
Jaisalmer,26.9147,70.9181,29.58,12,1,3.13,IN,1614920501
Vila Franca do Campo,37.7167,-25.4333,13,76,20,8.23,PT,1614920502
Krasnogvardeyskoye,45.8456,41.5186,2.04,83,11,5.01,RU,1614920454
Eisenach,50.9833,10.3167,2.22,92,100,0.45,DE,1614920504
Gubbio,43.3545,12.5725,6.67,84,35,1.73,IT,1614920504
Bambous Virieux,-20.3428,57.7575,28.89,78,75,1.03,MU,1614920506
Ahipara,-35.1667,173.1667,20.32,63,4,3.08,NZ,1614920507
Matagami,49.7502,-77.6328,-19,71,75,6.17,CA,1614920509
Chișinău,47.0056,28.8575,2,87,0,2.57,MD,1614920256
Hammerfest,70.6634,23.6821,-5,86,90,5.14,NO,1614920511
Whitehorse,60.7161,-135.0538,-6,73,1,2.06,CA,1614920512
Ampanihy,-24.7,44.75,24.89,79,22,1.42,MG,1614920513
Changji,44.0167,87.3167,-2,80,51,3,CN,1614920515
Gamba,-2.65,10,25.9,88,99,1.55,GA,1614920516
Corpus Christi,27.8006,-97.3964,18.89,82,90,6.17,US,1614920487
Vanimo,-2.6741,141.3028,29.91,65,92,5.6,PG,1614920517
Vysokogornyy,50.1167,139.15,-11.77,94,100,2.13,RU,1614920518
Louis Trichardt,-23.0439,29.9032,19.12,62,1,0.65,ZA,1614920475
Khatanga,71.9667,102.5,-29.31,80,2,4.63,RU,1614920520
Upernavik,72.7868,-56.1549,-25.86,81,1,7.26,GL,1614920521
Hammond,41.5834,-87.5,0,74,1,3.09,US,1614920522
Paka,4.6374,103.4368,29,79,40,3.09,MY,1614920524
Beringovskiy,63.05,179.3167,-21.62,85,64,3.94,RU,1614920526
Córdoba,-31.4135,-64.1811,22.78,94,20,3.09,AR,1614920527
Mizdah,31.4451,12.9801,10.68,45,100,5.67,LY,1614920527
Diffa,13.3154,12.6113,19.35,29,0,4.61,NE,1614920528
Straumen,63.8709,11.2999,1.11,93,75,6.17,NO,1614920528
Izumo,35.3667,132.7667,11,93,75,7.2,JP,1614920529
Severo-Kuril'sk,50.6789,156.125,1.08,90,97,8.66,RU,1614920529
Vestmanna,62.1564,-7.1664,3,75,75,5.14,FO,1614920530
Noumea,-22.2763,166.4572,27,69,75,2.57,NC,1614920412
Amapá,1,-52,21.65,98,100,0.78,BR,1614920532
Susurluk,39.9136,28.1578,-1,100,0,2.98,TR,1614920533
Aktas,49.7789,72.9608,-10,85,98,9,KZ,1614920535
Bāglung,28.2719,83.5898,23.23,20,0,2.19,NP,1614920536
Madang,-5.2246,145.7966,32.55,57,100,3.33,PG,1614920538
Nurota,40.5614,65.6886,5,60,0,3.09,UZ,1614920538
Kavaratti,10.5669,72.642,28.57,58,21,3.81,IN,1614920539
Chara,56.9064,118.2631,-26.34,73,0,0.88,RU,1614920540
Prachuap Khiri Khan,12.2167,99.75,31,66,20,3.09,TH,1614920508
San Quintín,30.4833,-115.95,13.7,80,60,4.06,MX,1614920542
Talara,-4.5772,-81.2719,24.24,79,79,3.51,PE,1614920543
Tommot,58.9564,126.2925,-24.02,84,100,5.47,RU,1614920544
Oddur,4.1213,43.8894,22.93,57,88,8.84,SO,1614920545
Vawkavysk,53.1561,24.4513,-4,93,0,3,BY,1614920481
Sheltozero,61.3667,35.3667,-15.36,94,43,2.55,RU,1614920547
Boyolangu,-8.1181,111.8935,30.96,53,58,2.85,ID,1614920549
Nome,64.5011,-165.4064,-12,85,90,8.75,US,1614920550
Fort Saint James,54.4333,-124.25,0.67,93,100,1.78,CA,1614920552
Aitape,-3.1374,142.3475,28.93,75,99,6.12,PG,1614920553
Longyearbyen,78.2186,15.6401,-14.61,90,99,4.52,SJ,1614920458
Hualmay,-11.0964,-77.6139,22.34,81,98,2.2,PE,1614920550
Port Blair,11.6667,92.75,29,74,40,4.63,IN,1614920555
Konstantinovka,49.6167,127.9833,-17.67,83,17,6.68,RU,1614920557
Faya,18.3851,42.4509,13,62,0,0.35,SA,1614920558
Goderich,43.7501,-81.7165,-3,59,63,7.2,CA,1614920406
Safranbolu,41.2508,32.6942,2.96,72,0,0.91,TR,1614920560
Yuanping,38.7153,112.7575,14.69,31,46,2.58,CN,1614920561
Tactic,15.3333,-90.3,8.27,100,38,0.43,GT,1614920562
Vostok,46.4856,135.8833,-6.96,97,100,6,RU,1614920563
Shōbara,34.85,133.0167,13.89,82,75,5.14,JP,1614920564
Kailua,21.4022,-157.7394,23,68,20,6.17,US,1614920565
Trincomalee,8.5711,81.2335,27.55,67,48,5.19,LK,1614920566
Honiara,-9.4333,159.95,28.32,72,96,3.11,SB,1614920566
Ancud,-41.8697,-73.8203,11.11,93,0,3.09,CL,1614920568
Asău,46.4333,26.4,5,43,67,2.58,RO,1614920569
Kon Tum,14.35,108,36.36,15,0,0.96,VN,1614920570
Kaura Namoda,12.5898,6.5779,22.08,18,0,5.62,NG,1614920572
Portland,45.5234,-122.6762,9.44,87,90,2.57,US,1614920411
Neenah,44.1858,-88.4626,-3,46,1,1.54,US,1614920574
Denpasar,-8.65,115.2167,28,83,40,7.2,ID,1614920316
Sibolga,1.7427,98.7792,30.35,62,20,2.61,ID,1614920575
Cedar City,37.6775,-113.0619,1,55,1,2.06,US,1614920563
Airai,-8.9266,125.4092,22.1,89,45,0.62,TL,1614920577
Sisimiut,66.9395,-53.6735,-4.76,91,79,5.37,GL,1614920577
Half Moon Bay,37.4636,-122.4286,12,81,1,2.49,US,1614920579
Inhambane,-23.865,35.3833,24,94,20,2.07,MZ,1614920580
Lagoa,39.05,-27.9833,13.91,67,70,2.91,PT,1614920580
Wakuya,38.5333,141.1333,11,62,75,4.12,JP,1614920582
Palmer,42.1584,-72.3287,-5,39,20,8.75,US,1614920584
Médéa,36.2642,2.7539,11,93,75,1.54,DZ,1614920586
Santa Cruz,30.4202,-9.5982,13,100,75,0.6,MA,1614920291
Dingle,10.9995,122.6711,29.87,66,24,6.95,PH,1614920588
Touros,-5.1989,-35.4608,25,94,75,2.06,BR,1614920589
Tsimmerbude,54.675,20.1347,-0.56,93,75,2,RU,1614920591
Concordia,-31.393,-58.0209,20,100,100,1.79,AR,1614920346
Cabedelo,-6.9811,-34.8339,25,100,75,2.06,BR,1614920593
Sobolevo,54.4299,31.8996,-7.89,97,23,2.99,RU,1614920595
Salinas,36.6777,-121.6555,11,76,1,0.79,US,1614920595
Ostrovnoy,68.0531,39.5131,-10.87,93,100,3.48,RU,1614920597
Mahibadhoo,3.7833,72.9667,27.63,73,0,5.85,MV,1614920597
Tulagi,-9.0996,160.1476,28.03,78,82,5.88,SB,1614920599
Kuli,42.0185,47.2434,2,93,75,1.03,RU,1614920601
Chapais,49.7834,-74.8492,-20,77,90,7.2,CA,1614920602
Torbay,47.6666,-52.7314,-0.56,86,90,5.14,CA,1614920604
Ipixuna,-1.7625,-48.8043,24,94,40,2.06,BR,1614920604
Pisco,-13.7,-76.2167,23,83,0,1.54,PE,1614920605
Nuquí,5.7125,-77.2708,24.83,85,30,1.75,CO,1614920607
Takhtamygda,54.1,123.5667,-17.39,81,0,4.86,RU,1614920608
Teknāf,20.8624,92.3058,27.98,49,0,1.76,BD,1614920609
Doctor Juan Manuel Frutos,-25.3667,-55.8,20.72,96,63,1.66,PY,1614920610
Khasan,42.4308,130.6434,4.98,67,100,9.55,RU,1614920612
Sisophon,13.5859,102.9737,35.41,41,10,1.52,KH,1614920612
Marfino,55.7028,37.3822,-3.89,79,0,3,RU,1614920614
City of Passi,11.15,122.65,29.59,67,18,6.24,PH,1614920615
Westport,41.1415,-73.3579,-2,37,1,6.69,US,1614920616
Fernie,49.5,-115.0687,2,74,88,0.51,CA,1614920443
Kumul,42.8,93.45,8.4,44,0,3.08,CN,1614920618
Mokhsogollokh,61.4681,128.9203,-26.49,85,96,4.15,RU,1614920619
Gazojak,41.1875,61.4036,5.79,62,0,6.43,TM,1614920619
Port-Cartier,50.0334,-66.8654,-8,67,1,3.6,CA,1614920620
Waingapu,-9.6567,120.2641,29.42,74,49,5.6,ID,1614920621
Yārāda,17.65,83.2667,32,33,29,2.06,IN,1614920624
Americus,32.0724,-84.2327,15,41,1,1.54,US,1614920512
Santa Ana,33.7456,-117.8678,14,62,20,1.2,US,1614920464
Uglich,57.5275,38.3317,-7.71,97,93,2.58,RU,1614920625
Palafrugell,41.9174,3.1631,7.22,100,90,0.51,ES,1614920626
Stellenbosch,-33.9346,18.8668,20,72,0,3.6,ZA,1614920587
Chul'man,56.8479,124.9104,-25.09,85,100,5.61,RU,1614920626
Sayyan,15.1718,44.3244,14.57,36,0,1.4,YE,1614920627
Blagodatnoye,45.3997,42.5867,0,69,0,5,RU,1614920629
Kousséri,12.0769,15.0306,22,16,5,4.63,CM,1614920630
Nuevo Progreso,23.1667,-97.95,20.56,78,99,3.51,MX,1614920631
Kashgar,39.4547,75.9797,9,40,75,1,CN,1614920632
Dwārka,22.2394,68.9678,27.78,54,3,3.06,IN,1614920633
Cap Malheureux,-19.9842,57.6142,28.89,67,50,0.89,MU,1614920484
Adrar,20.5022,-10.0711,18.35,22,58,4.58,MR,1614920570
Gryazovets,58.88,40.2525,-12.91,96,83,2.73,RU,1614920440
Kupang,-10.1667,123.5833,30,84,40,4.63,ID,1614920636
Great Yarmouth,52.6083,1.7305,3.33,81,90,2.57,GB,1614920445
West Bay,19.3667,-81.4167,27.78,64,0,0.89,KY,1614920638
Clevelândia,-26.3958,-52.4708,17.64,100,100,2.49,BR,1614920636
Yulara,-25.2406,130.9889,36,12,36,3.09,AU,1614920640
Hamilton,39.1834,-84.5333,-1,64,1,3.09,US,1614920401
Kaeo,-35.1,173.7833,21.2,63,6,4.06,NZ,1614920624
San Angelo,31.4638,-100.437,17.78,55,1,5.14,US,1614920395
Bay Roberts,47.5999,-53.2648,0.56,79,99,0.89,CA,1614920642
Playa Vicente,17.8333,-95.8167,20.56,93,48,1.58,MX,1614920643
Conceição da Barra,-18.5933,-39.7322,21.99,92,94,2.08,BR,1614920645
Bāfq,31.6128,55.4107,21.48,33,90,5.71,IR,1614920645
Flinders,-34.5833,150.8552,22,43,16,6.69,AU,1614920646
Caluquembe,-13.7833,14.6833,13.81,95,35,0.88,AO,1614920648
Teluknaga,-6.0989,106.6381,32.78,66,40,4.63,ID,1614920649
Oistins,13.0667,-59.5333,25,73,20,9.26,BB,1614920651
Nhulunbuy,-12.2333,136.7667,33,66,40,5.14,AU,1614920652
Campo Formoso,-10.5075,-40.3214,19.04,83,4,3.11,BR,1614920652
Beïnamar,8.6698,15.3813,19.72,25,56,1.06,TD,1614920654
Fillan,63.6064,8.9696,1,80,75,4.63,NO,1614920656
Nouakchott,18.0858,-15.9785,18,59,5,5.14,MR,1614920656
Colares,38.7992,-9.4469,11.67,91,100,2.68,PT,1614920657
Salamiyah,35.0113,37.0532,8.9,87,1,6.92,SY,1614920657
Nemuro,43.3236,145.575,7,65,20,7.2,JP,1614920659
Calama,-22.4667,-68.9333,12,76,75,2.06,CL,1614920661
Marawi,7.9986,124.2928,28.89,75,41,3.58,PH,1614920662
Naliya,23.2667,68.8333,30.04,36,0,1.99,IN,1614920664
Perth,-31.9333,115.8333,25.56,65,75,6.17,AU,1614920537
Kungurtug,50.5994,97.5228,-6.37,82,8,1.04,RU,1614920666
Çanakkale Province,40.0833,26.8333,12.78,86,0,1.54,TR,1614920381
Billings Metropolitan Area,45.7833,-108.5007,6,52,1,5.66,US,1614920619
Yeniseysk,58.4497,92.1703,-1.9,96,100,4.48,RU,1614920669
Olafsvik,64.8945,-23.7142,4.76,87,100,6.31,IS,1614920669
Porto-Novo,6.4965,2.6036,29,84,40,5.66,BJ,1614920670
Isangel,-19.55,169.2667,27,94,90,4.12,VU,1614920671
Pietroasa,46.5833,22.55,6.11,70,40,4.63,RO,1614920671
Kieta,-6.2167,155.6333,29.25,70,89,4.49,PG,1614920672
Sangar,63.9242,127.4739,-31.07,84,91,3.73,RU,1614920674
Preobrazheniye,42.9019,133.9064,7.27,59,95,6.21,RU,1614920676
Codrington,-38.2667,141.9667,16.2,57,83,6.03,AU,1614920676
Margate,51.3813,1.3862,5,70,100,2.68,GB,1614920677
Charters Towers,-20.1,146.2667,30.56,41,89,3.9,AU,1614920679
Oranjemund,-28.55,16.4333,15.27,88,0,3.3,NA,1614920681
Grootfontein,-19.5667,18.1167,16,82,0,1.03,NA,1614920681
Agadez,19.75,10.25,18.06,25,28,3.83,NE,1614920683
Chicama,-7.8447,-79.1469,23.66,75,98,1.67,PE,1614920683
Khāsh,28.2211,61.2158,20.76,24,0,1.16,IR,1614920685
Kondinskoye,59.6481,67.41,-10.86,96,38,2.51,RU,1614920686
Sackville,45.9188,-64.3846,-7,63,92,7.72,CA,1614920687
Teahupoo,-17.8333,-149.2667,29,74,40,1.03,PF,1614920688
Chake Chake,-5.2459,39.7666,27.27,75,100,4.08,TZ,1614920690
Kurush,41.2841,47.8345,3,87,90,2.06,RU,1614920691
Brigantine,39.4101,-74.3646,0.56,43,34,7.72,US,1614920692
Nichinan,31.6,131.3667,23,49,40,5.14,JP,1614920693
Puerto Escondido,15.85,-97.0667,25,83,1,2.74,MX,1614920695
Praia,14.9215,-23.5087,20,77,20,9.26,CV,1614920697
Buin,-33.7333,-70.75,19,63,0,3.09,CL,1614920698
Demba,-5.51,22.2667,20.23,99,100,1.1,CD,1614920698
Biak,-0.9131,122.8766,29,64,99,0.78,ID,1614920700
Tuy Hoa,13.0833,109.3,27.82,68,4,2.83,VN,1614920701
Perelyub,51.8667,50.3667,0.29,97,100,9.48,RU,1614920703
North Bend,43.4065,-124.2243,12.78,66,1,3.09,US,1614920643
Havelock,34.8791,-76.9013,6.11,93,1,1.54,US,1614920620
Les Cayes,18.2,-73.75,22.68,81,36,0.94,HT,1614920705
Eureka,40.8021,-124.1637,12.22,47,1,8.75,US,1614920475
Suffolk,40.8668,-72.7996,-1.11,40,1,8.23,US,1614920575
Camopi,3.1655,-52.3158,22.17,98,100,1.21,GF,1614920706
Itoman,26.1247,127.6694,23,64,20,4.63,JP,1614920708
Vitim,59.4511,112.5578,-18.79,82,60,3.24,RU,1614920708
Moree,-29.4667,149.85,32,22,0,7.72,AU,1614920430
Marsh Harbour,26.5412,-77.0636,21.88,73,3,2.8,BS,1614920710
Shingū,33.7333,135.9833,14,82,75,5.14,JP,1614920711
Comarapa,-17.9,-64.4833,12.87,100,86,0.66,BO,1614920712
Dawson Creek,55.7666,-120.2362,-6,86,1,1.54,CA,1614920407
Okhotsk,59.3833,143.3,-25.99,78,0,7.2,RU,1614920714
Uyuni,-20.4597,-66.825,11.5,59,75,4.7,BO,1614920716
Mingora,34.7758,72.3625,18.86,28,0,1.58,PK,1614920716
Linares,-35.85,-71.6,18.1,56,0,0.22,CL,1614920717
Ballina,-28.8667,153.5667,30,42,40,3.09,AU,1614920719
Athmallik,20.7219,84.5348,35.74,10,0,1.12,IN,1614920720
Apaseo el Grande,20.5667,-100.7,17,42,1,4.63,MX,1614920722
Mitú,1.1983,-70.1733,21.81,96,87,0.87,CO,1614920724
Kabanjahe,3.1001,98.4908,31,66,40,6.69,ID,1614920725
Viedma,-40.8135,-62.9967,16.3,70,100,3.35,AR,1614920727
Santo Antônio do Leverger,-15.8656,-56.0767,23,94,75,1.03,BR,1614920728
Ayan,56.45,138.1667,-23.79,73,6,9.14,RU,1614920730
Dunedin,-45.8742,170.5036,15,76,100,4.02,NZ,1614920730
Ginir,7.1333,40.7,16.21,62,49,3.32,ET,1614920731
Brønnøysund,65.4625,12.1997,-3,100,40,1.03,NO,1614920732
Samarai,-10.6167,150.6667,29.96,70,98,7.32,PG,1614920734
Klyuchi,52.2667,79.1667,-2.38,95,99,9.42,RU,1614920735
Udachny,66.4167,112.4,-26.85,81,7,3.47,RU,1614920737
Khairpur,27.5295,68.7617,26,36,0,5.49,PK,1614920738
Aswān,24.0934,32.907,10.94,47,0,4.48,EG,1614920740
Solton,52.8429,86.4787,-4.9,94,100,3.29,RU,1614920741
Caravelas,-17.7125,-39.2481,22.61,86,61,2.36,BR,1614920742
Berdigestyakh,62.0989,126.6992,-27.43,86,100,4.13,RU,1614920743
Fethiye,36.6217,29.1164,4,81,0,3.09,TR,1614920660
Lillooet,50.6856,-121.942,7,81,90,8.23,CA,1614920745
Chumikan,54.7183,135.315,-19.66,75,1,4.65,RU,1614920747
Talnakh,69.4865,88.3972,-19.8,89,97,3.61,RU,1614920747
Klamath Falls,42.2249,-121.7817,6,39,1,7.2,US,1614920748
Port Hawkesbury,45.6169,-61.3485,-3.89,74,90,8.23,CA,1614920748
Finnsnes,69.2296,17.9811,-8,86,75,1.03,NO,1614920750
Petropavlovsk-Kamchatskiy,53.0452,158.6483,-1,74,75,3,RU,1614920452
Ṭikāpur,28.5,81.1333,29.2,14,0,1.91,NP,1614920602
Borzya,50.3833,116.5167,-20.13,82,0,2.31,RU,1614920751
Baijiantan,45.6333,85.1833,0.06,84,95,1.23,CN,1614920752
Puerto Carreño,6.189,-67.4859,26.49,68,97,1.83,CO,1614920753
Borogontsy,62.6683,131.1683,-30.42,84,96,2.91,RU,1614920755
Lander,42.833,-108.7307,3,38,1,0.98,US,1614920756
Nur-Sultan,51.1801,71.446,-9,86,20,14,KZ,1614920757
Loa Janan,-0.583,117.095,28.72,67,100,0.24,ID,1614920758
Kainantu,-6.2887,145.8655,22.39,77,100,1.27,PG,1614920759
Kyaiklat,16.4333,95.7333,34,31,0,3.6,MM,1614920759
Belém,-1.4558,-48.5044,24,94,40,2.06,BR,1614920460
Shaunavon,49.6501,-108.4181,3,65,0,0.51,CA,1614920760
Porbandar,21.6422,69.6093,25,61,0,2.57,IN,1614920761
Deūlgaon Rāja,20.0167,76.0333,30,17,0,1.54,IN,1614920762
Malakal,9.5334,31.6605,25.29,16,6,5.89,SS,1614920764
San Francisco,37.7749,-122.4194,10.56,79,0,1.92,US,1614920678
Mantamádos,39.3117,26.3339,9.44,87,20,3.09,GR,1614920764
Saint Anthony,45.0205,-93.218,3,64,90,2.26,US,1614920765
Olinda,-8.0089,-34.8553,26,73,40,5.14,BR,1614920766
Khashuri,41.9941,43.5999,0.59,85,0,0.3,GE,1614920767
Bubaque,11.2833,-15.8333,24.72,67,6,5.63,GW,1614920768
Mildura,-34.2,142.15,28,21,0,4.63,AU,1614920769
Comodoro Rivadavia,-45.8667,-67.5,14,94,20,2.06,AR,1614920771
Broken Hill,-31.95,141.4333,27,32,3,5.14,AU,1614920772
Nyurba,63.2842,118.3319,-25.08,87,12,3.25,RU,1614920774
Fredericksburg,38.3032,-77.4605,2,48,1,4.63,US,1614920775
Arlit,18.7369,7.3853,20.1,22,0,2.91,NE,1614920777
Kidodi,-7.6036,37.0044,23.63,85,100,0.48,TZ,1614920778
Patiya,22.2931,91.9762,27,74,20,2.56,BD,1614920780
Aasiaat,68.7098,-52.8699,-10.84,95,61,2.7,GL,1614920782
Kuril'sk,45.2333,147.8833,3.41,85,53,4,RU,1614920783
Natchez,31.5604,-91.4032,9,87,1,2.06,US,1614920785
Zeya,53.75,127.2667,-18.48,78,0,4.96,RU,1614920786
Nyagan,62.1406,65.3936,-11.25,95,96,1.68,RU,1614920788
Severo-Yeniseyskiy,60.3725,93.0408,-6.24,95,100,4.58,RU,1614920790
Maceió,-9.6658,-35.7353,25,83,40,2.06,BR,1614920733
Shenjiamen,29.9576,122.298,11.87,78,60,3.16,CN,1614920790
Rūdbār,30.15,62.6,20.37,24,0,3.1,AF,1614920792
Båtsfjord,70.6345,29.7185,-9,86,20,7.72,NO,1614920794
Zhangaözen,43.3,52.8,1.8,82,30,5.7,KZ,1614920795
Kaseda-shirakame,31.4167,130.3167,18,82,75,1.03,JP,1614920797
Byādgi,14.6833,75.4833,29.18,20,13,3.67,IN,1614920798
Utraula,27.3167,82.4167,28.15,16,0,2.87,IN,1614920800
Khandyga,62.6667,135.6,-30.2,81,97,1.26,RU,1614920801
Shache,38.4167,77.2406,11.94,37,24,0.71,CN,1614920801
